 {
    "name": "Drop Down Date Picker",
    "type": "jquery",
    "version" : "1.0",
    "jmakiVersion" : "1.0",    
    "image": "images/jquery-datepicker.jpg",
    "description": "This widget is a drop down date picker.",
    "value": {"required": false, "type": "DATE"},
    "args": [
        {"displayFormat":{
            "type":"STRING",
            "description":"The format of the data in MM/dd/yyyy where MM = Month, dd == day of month, and yyyy is the year",   
            "defaultValue": "MM/dd/yyyy"
            }
        }
    ],   
     "hasCSS": false,
     "config" : {
        "type" : {
            "id" : "jquery.ui",
            "styles" : [
                "../resources/libs/jquery/themes/gray/jquery-ui-themeroller.css"
            ],
            "libs" : [
                "../resources/libs/jquery/jquery-1.2.6.pack.js",
                "../resources/libs/jquery/jquery-ui-personalized-1.6rc2.packed.js"
            ],
           "resources" : [
                "../resources/libs/jquery/themes/"
            ]
        }  
    }
}