{"name": "Tabbed Menu",
         "type": "jmaki",
         "version" : "1.8",
         "jmakiVersion" : "1.8",
         "author" : "Greg Murray",
         "url" : "https://widgets.dev.java.net",         
         "image" : "images/jmaki-tabbedMenu.jpg",
         "description":"An single level menu following the jMaki menu model.",
         "docs" : {             "modelURL" : "http://wiki.java.net/bin/view/Projects/jMakiMenuDataModel",             "jsDoc" : "http://jmaki.dev.java.net/jsdoc/jmaki_tabbedMenu"         },
         "value":{"type" : "OBJECT",
                "defaultValue":
                {"menu" : [
                     { "label" : "Sample",
                     "action" :
                     [
                       {"topic": "/myview/select",
                        "message": { "targetId" : "bar"}},
                       {"topic": "/myview/setInclude",
                        "message": { "targetId" : "bar", "value" : "bar.jsp"}}
                        ]
                     },
                     { "label" :"Documentation",
                     "action" :{"topic": "/myview/setInclude",
                     "message": { "targetId" : "bar", "value" : "p2.jsp"}}
                     },
                       { "label" :"Code",
                     "action" :{"topic": "/myview2/select",
                     "message": { "targetId" : "p3"}}
                     }
                    ]
                }
      },
      "config" : {
          "type" :
           { "id" : "jmaki",
              "themes" : [
                   {"id" : "kame",
                    "default" : true,
                     "style" : "../resources/styles/themes/kame/theme.css"
                   },
                   {"id" : "ocean",
                     "style" : "../resources/styles/themes/ocean/theme.css"
                   },
                   {"id" : "orange",
                     "style" : "../resources/styles/themes/orange/theme.css"
                   }
               ],
               "resources" : [
                   "../resources/styles"
               ]
          }  
     },
     "topicInfo": {       "defaultPublish" : "/jmaki/tabMenu",       "defaultSubscribe" : ["/jmaki/tabMenu"],       "commands" : [
          	{ "name" : "select",               "payload" : {"targetId" : "bar"},		       "description" : "select the tab whose id is the same as targetId property"}   		],        "events" : [           {"name" :  "onClick",           "description" : "publish the value of the selected tab"}         ]     }
 }
